Date,Customers,DayOfWeek,Promo,Sales,Open,Promedio de StateHoliday,SchoolHoliday,Store
2013-01-01 00:00:00,19491,2228,0,97235,17,,1114,621182
2013-01-02 00:00:00,834075,3345,0,6949829,1111,"0,00",1115,622170
2013-01-03 00:00:00,761040,4460,0,6347820,1109,"0,00",1040,622170
2013-01-04 00:00:00,782137,5575,0,6638954,1108,"0,00",1040,622170
2013-01-05 00:00:00,687472,6690,0,5951593,1107,"0,00",112,622170
2013-01-06 00:00:00,26387,7805,0,143904,19,"0,00",112,622170
2013-01-07 00:00:00,1058495,1115,1115,10826848,1106,"0,00",112,622170
2013-01-08 00:00:00,904564,2230,1115,8749437,1105,"0,00",112,622170
2013-01-09 00:00:00,816709,3345,1115,7746603,1105,"0,00",112,622170
2013-01-10 00:00:00,844384,4460,1115,7751485,1105,"0,00",112,622170
2013-01-11 00:00:00,877397,5575,1115,8039306,1105,"0,00",112,622170
2013-01-12 00:00:00,697757,6690,0,6017491,1105,"0,00",0,622170
2013-01-13 00:00:00,27044,7805,0,144052,18,"0,00",0,622170
2013-01-14 00:00:00,734601,1115,0,5886788,1105,"0,00",0,622170
2013-01-15 00:00:00,690047,2230,0,5512591,1105,"0,00",0,622170
2013-01-16 00:00:00,660412,3345,0,5293020,1105,"0,00",0,622170
2013-01-17 00:00:00,673066,4460,0,5386564,1107,"0,00",0,622170
2013-01-18 00:00:00,740203,5575,0,6137010,1106,"0,00",0,622170
2013-01-19 00:00:00,679374,6690,0,6010192,1107,"0,00",0,622170
2013-01-20 00:00:00,28040,7805,0,151600,19,"0,00",0,622170
2013-01-21 00:00:00,884062,1115,1115,8761074,1107,"0,00",0,622170
2013-01-22 00:00:00,868642,2230,1115,8320289,1107,"0,00",0,622170
2013-01-23 00:00:00,821843,3345,1115,7746563,1107,"0,00",0,622170
2013-01-24 00:00:00,811738,4460,1115,7439836,1108,"0,00",0,622170
2013-01-25 00:00:00,847691,5575,1115,7780789,1108,"0,00",0,622170
2013-01-26 00:00:00,667571,6690,0,5848770,1108,"0,00",0,622170
2013-01-27 00:00:00,27286,7805,0,142848,20,"0,00",0,622170
2013-01-28 00:00:00,736906,1115,0,5878702,1107,"0,00",0,622170
2013-01-29 00:00:00,670523,2230,0,5452668,1107,"0,00",0,622170
2013-01-30 00:00:00,699110,3345,0,5909779,1108,"0,00",0,622170
2013-01-31 00:00:00,802356,4460,0,7068567,1108,"0,00",22,622170
2013-02-01 00:00:00,821946,5575,0,7203007,1109,"0,00",106,622170
2013-02-02 00:00:00,746460,6690,0,6781741,1109,"0,00",0,622170
2013-02-03 00:00:00,30349,7805,0,171565,19,"0,00",0,622170
2013-02-04 00:00:00,1018386,1115,1115,10333651,1109,"0,00",223,622170
2013-02-05 00:00:00,911976,2230,1115,8841604,1109,"0,00",223,622170
2013-02-06 00:00:00,868206,3345,1115,8094803,1109,"0,00",223,622170
2013-02-07 00:00:00,821626,4460,1115,7430076,1108,"0,00",223,622170
2013-02-08 00:00:00,867065,5575,1115,7968566,1109,"0,00",223,622170
2013-02-09 00:00:00,707682,6690,0,6161019,1109,"0,00",0,622170
2013-02-10 00:00:00,31698,7805,0,172564,18,"0,00",0,622170
2013-02-11 00:00:00,679056,1115,0,5517060,1076,"0,00",255,622170
2013-02-12 00:00:00,689894,2230,0,5563503,1106,"0,00",255,622170
2013-02-13 00:00:00,754477,3345,0,6175147,1109,"0,00",255,622170
2013-02-14 00:00:00,779567,4460,0,6422292,1109,"0,00",255,622170
2013-02-15 00:00:00,747284,5575,0,6255053,1110,"0,00",255,622170
2013-02-16 00:00:00,704367,6690,0,6162142,1110,"0,00",0,622170
2013-02-17 00:00:00,31943,7805,0,174467,19,"0,00",0,622170
2013-02-18 00:00:00,1055106,1115,1115,10703641,1111,"0,00",36,622170
2013-02-19 00:00:00,832307,2230,1115,7988672,1111,"0,00",36,622170
2013-02-20 00:00:00,829354,3345,1115,7759768,1111,"0,00",36,622170
2013-02-21 00:00:00,824817,4460,1115,7611880,1111,"0,00",36,622170
2013-02-22 00:00:00,847496,5575,1115,7840974,1112,"0,00",36,622170
2013-02-23 00:00:00,650724,6690,0,5637945,1112,"0,00",0,622170
2013-02-24 00:00:00,30107,7805,0,159057,20,"0,00",0,622170
2013-02-25 00:00:00,711387,1115,0,5615365,1112,"0,00",0,622170
2013-02-26 00:00:00,709154,2230,0,5671238,1112,"0,00",0,622170
2013-02-27 00:00:00,722458,3345,0,6008503,1112,"0,00",0,622170
2013-02-28 00:00:00,819576,4460,0,7108972,1112,"0,00",0,622170
2013-03-01 00:00:00,839658,5575,0,7244231,1112,"0,00",0,622170
2013-03-02 00:00:00,762452,6690,0,6779350,1112,"0,00",0,622170
2013-03-03 00:00:00,34977,7805,0,195229,21,"0,00",0,622170
2013-03-04 00:00:00,1097894,1115,1115,11072682,1111,"0,00",28,622170
2013-03-05 00:00:00,944806,2230,1115,8943536,1109,"0,00",28,622170
2013-03-06 00:00:00,877406,3345,1115,8062941,1109,"0,00",28,622170
2013-03-07 00:00:00,877268,4460,1115,7981811,1109,"0,00",28,622170
2013-03-08 00:00:00,894141,5575,1115,8118153,1109,"0,00",28,622170
2013-03-09 00:00:00,695319,6690,0,6061383,1109,"0,00",0,622170
2013-03-10 00:00:00,29963,7805,0,164917,21,"0,00",0,622170
2013-03-11 00:00:00,744922,1115,0,6194538,1109,"0,00",28,622170
2013-03-12 00:00:00,660813,2230,0,5338418,1109,"0,00",28,622170
2013-03-13 00:00:00,711036,3345,0,5830737,1109,"0,00",28,622170
2013-03-14 00:00:00,738971,4460,0,6098093,1109,"0,00",28,622170
2013-03-15 00:00:00,798499,5575,0,6783348,1109,"0,00",28,622170
2013-03-16 00:00:00,733085,6690,0,6459058,1110,"0,00",0,622170
2013-03-17 00:00:00,34420,7805,0,193072,24,"0,00",0,622170
2013-03-18 00:00:00,999770,1115,1115,10078195,1111,"0,00",22,622170
2013-03-19 00:00:00,887823,2230,1115,8528292,1111,"0,00",22,622170
2013-03-20 00:00:00,820715,3345,1115,7728892,1111,"0,00",62,622170
2013-03-21 00:00:00,861321,4460,1115,7897067,1111,"0,00",62,622170
2013-03-22 00:00:00,901334,5575,1115,8245992,1111,"0,00",62,622170
2013-03-23 00:00:00,713493,6690,0,6337911,1111,"0,00",22,622170
2013-03-24 00:00:00,34607,7805,0,191036,28,"0,00",22,622170
2013-03-25 00:00:00,1044999,1115,1115,10482556,1110,"0,00",1012,622170
2013-03-26 00:00:00,964981,2230,1115,9305505,1110,"0,00",1012,622170
2013-03-27 00:00:00,1001042,3345,1115,9674698,1110,"0,00",1012,622170
2013-03-28 00:00:00,1177111,4460,1115,11417987,1110,"0,00",1012,622170
2013-03-29 00:00:00,35775,5575,1115,213921,16,,1087,622170
2013-03-30 00:00:00,1020089,6690,0,9380402,1111,"0,00",0,622170
2013-03-31 00:00:00,30772,7805,0,176418,30,"0,00",0,622170
2013-04-01 00:00:00,41594,1115,0,241076,31,,1031,622170
2013-04-02 00:00:00,894066,2230,0,7362049,1109,"0,00",1031,622170
2013-04-03 00:00:00,778768,3345,0,6406442,1109,"0,00",1009,622170
2013-04-04 00:00:00,789540,4460,0,6496112,1109,"0,00",1009,622170
2013-04-05 00:00:00,788012,5575,0,6622062,1109,"0,00",1009,622170
2013-04-06 00:00:00,714351,6690,0,6171054,1109,"0,00",0,622170
2013-04-07 00:00:00,35217,7805,0,189097,31,"0,00",0,622170
2013-04-08 00:00:00,1031717,1115,1115,10115602,1108,"0,00",115,622170
2013-04-09 00:00:00,894836,2230,1115,8418477,1108,"0,00",115,622170
2013-04-10 00:00:00,830819,3345,1115,7698779,1109,"0,00",0,622170
2013-04-11 00:00:00,841356,4460,1115,7580421,1108,"0,00",0,622170
2013-04-12 00:00:00,890127,5575,1115,8056347,1109,"0,00",0,622170
2013-04-13 00:00:00,711341,6690,0,6024315,1109,"0,00",0,622170
2013-04-14 00:00:00,35242,7805,0,182641,31,"0,00",0,622170
2013-04-15 00:00:00,742981,1115,0,5711125,1109,"0,00",0,622170
2013-04-16 00:00:00,729645,2230,0,5668517,1109,"0,00",0,622170
2013-04-17 00:00:00,713577,3345,0,5556697,1109,"0,00",0,622170
2013-04-18 00:00:00,730564,4460,0,5726233,1109,"0,00",0,622170
2013-04-19 00:00:00,773215,5575,0,6349901,1109,"0,00",0,622170
2013-04-20 00:00:00,700925,6690,0,6006147,1109,"0,00",0,622170
2013-04-21 00:00:00,34839,7805,0,188406,30,"0,00",0,622170
2013-04-22 00:00:00,988277,1115,1115,9542000,1109,"0,00",0,622170
2013-04-23 00:00:00,873417,2230,1115,8047511,1109,"0,00",0,622170
2013-04-24 00:00:00,810410,3345,1115,7177730,1109,"0,00",0,622170
2013-04-25 00:00:00,818307,4460,1115,7121467,1110,"0,00",0,622170
2013-04-26 00:00:00,843014,5575,1115,7652433,1110,"0,00",0,622170
2013-04-27 00:00:00,713490,6690,0,6308284,1109,"0,00",0,622170
2013-04-28 00:00:00,37232,7805,0,205232,31,"0,00",0,622170
2013-04-29 00:00:00,1011283,1115,1115,10040182,1110,"0,00",0,622170
2013-04-30 00:00:00,1084203,2230,1115,10565093,1110,"0,00",0,622170
2013-05-01 00:00:00,34845,3345,1115,200972,18,,0,622170
2013-05-02 00:00:00,1046612,4460,1115,9884371,1111,"0,00",28,622170
2013-05-03 00:00:00,975031,5575,1115,8967338,1111,"0,00",28,622170
2013-05-04 00:00:00,752844,6690,0,6487719,1111,"0,00",0,622170
2013-05-05 00:00:00,38101,7805,0,200337,32,"0,00",0,622170
2013-05-06 00:00:00,839634,1115,0,6884920,1110,"0,00",28,622170
2013-05-07 00:00:00,802206,2230,0,6697752,1111,"0,00",28,622170
2013-05-08 00:00:00,918105,3345,0,7693180,1111,"0,00",28,622170
2013-05-09 00:00:00,41089,4460,0,233215,30,,28,622170
2013-05-10 00:00:00,970014,5575,0,8481406,1111,"0,00",424,622170
2013-05-11 00:00:00,770286,6690,0,6658662,1112,"0,00",0,622170
2013-05-12 00:00:00,38757,7805,0,215592,31,"0,00",0,622170
2013-05-13 00:00:00,1005960,1115,1115,9826496,1112,"0,00",56,622170
2013-05-14 00:00:00,925698,2230,1115,8662237,1112,"0,00",56,622170
2013-05-15 00:00:00,852041,3345,1115,7767784,1112,"0,00",56,622170
2013-05-16 00:00:00,869585,4460,1115,7884887,1112,"0,00",56,622170
2013-05-17 00:00:00,906276,5575,1115,8225841,1112,"0,00",56,622170
2013-05-18 00:00:00,739439,6690,0,6410461,1112,"0,00",0,622170
2013-05-19 00:00:00,40462,7805,0,226808,31,"0,00",0,622170
2013-05-20 00:00:00,44288,1115,0,253936,33,,75,622170
2013-05-21 00:00:00,865862,2230,0,7204456,1111,"0,00",728,622170
2013-05-22 00:00:00,728918,3345,0,6085235,1112,"0,00",328,622170
2013-05-23 00:00:00,756187,4460,0,6209485,1112,"0,00",253,622170
2013-05-24 00:00:00,783354,5575,0,6483138,1112,"0,00",253,622170
2013-05-25 00:00:00,671302,6690,0,5806559,1112,"0,00",0,622170
2013-05-26 00:00:00,36076,7805,0,201681,31,"0,00",0,622170
2013-05-27 00:00:00,998972,1115,1115,9944524,1112,"0,00",253,622170
2013-05-28 00:00:00,888040,2230,1115,8390312,1112,"0,00",253,622170
2013-05-29 00:00:00,908773,3345,1115,8885059,1112,"0,00",253,622170
2013-05-30 00:00:00,393933,4460,1115,3422824,429,"0,00",253,622170
2013-05-31 00:00:00,1081196,5575,1115,10913876,1112,"0,00",253,622170
2013-06-01 00:00:00,764268,6690,0,6907750,1112,"0,00",0,622170
2013-06-02 00:00:00,41220,7805,0,238144,32,"0,00",0,622170
2013-06-03 00:00:00,1031251,1115,1115,10144989,1111,"0,00",0,622170
2013-06-04 00:00:00,914107,2230,1115,8526834,1112,"0,00",0,622170
2013-06-05 00:00:00,849201,3345,1115,7683188,1110,"0,00",0,622170
2013-06-06 00:00:00,860253,4460,1115,7646668,1109,"0,00",0,622170
2013-06-07 00:00:00,890566,5575,1115,7967656,1109,"0,00",0,622170
2013-06-08 00:00:00,703254,6690,0,5993792,1110,"0,00",0,622170
2013-06-09 00:00:00,39873,7805,0,226250,31,"0,00",0,622170
2013-06-10 00:00:00,806250,1115,0,6667460,1111,"0,00",0,622170
2013-06-11 00:00:00,761268,2230,0,6201425,1111,"0,00",0,622170
2013-06-12 00:00:00,733378,3345,0,5961024,1111,"0,00",0,622170
2013-06-13 00:00:00,739896,4460,0,6044207,1111,"0,00",0,622170
2013-06-14 00:00:00,810875,5575,0,6887448,1111,"0,00",0,622170
2013-06-15 00:00:00,704128,6690,0,6144832,1111,"0,00",0,622170
2013-06-16 00:00:00,40388,7805,0,225065,31,"0,00",0,622170
2013-06-17 00:00:00,1024967,1115,1115,10191372,1113,"0,00",0,622170
2013-06-18 00:00:00,873421,2230,1115,8100286,1113,"0,00",0,622170
2013-06-19 00:00:00,801809,3345,1115,7243757,1113,"0,00",92,622170
2013-06-20 00:00:00,807747,4460,1115,7353311,1113,"0,00",120,622170
2013-06-21 00:00:00,909465,5575,1115,8406280,1112,"0,00",120,622170
2013-06-22 00:00:00,710334,6690,0,6189413,1112,"0,00",0,622170
2013-06-23 00:00:00,39661,7805,0,224608,31,"0,00",0,622170
2013-06-24 00:00:00,791714,1115,0,6511212,1112,"0,00",235,622170
2013-06-25 00:00:00,714211,2230,0,5827831,1112,"0,00",235,622170
2013-06-26 00:00:00,730467,3345,0,6028195,1112,"0,00",235,622170
2013-06-27 00:00:00,750668,4460,0,6372971,1112,"0,00",257,622170
2013-06-28 00:00:00,841770,5575,0,7625077,1112,"0,00",257,622170
2013-06-29 00:00:00,744871,6690,0,6909121,1111,"0,00",0,622170
2013-06-30 00:00:00,41765,7805,0,252185,31,"0,00",0,622170
2013-07-01 00:00:00,1072961,1115,1115,10750990,1110,"0,00",257,622170
2013-07-02 00:00:00,940849,2230,1115,8936605,1110,"0,00",257,622170
2013-07-03 00:00:00,873625,3345,1115,8416942,1110,"0,00",257,622170
2013-07-04 00:00:00,910326,4460,1115,8458325,1109,"0,00",257,622170
2013-07-05 00:00:00,916848,5575,1115,8384512,1111,"0,00",257,622170
2013-07-06 00:00:00,691010,6690,0,5927036,1111,"0,00",134,622170
2013-07-07 00:00:00,44003,7805,0,234369,32,"0,00",134,622170
2013-07-08 00:00:00,808138,1115,0,6652999,1111,"0,00",409,622170
2013-07-09 00:00:00,752882,2230,0,6157174,1112,"0,00",409,622170
2013-07-10 00:00:00,751347,3345,0,6248496,1112,"0,00",409,622170
2013-07-11 00:00:00,772085,4460,0,6483182,1112,"0,00",409,622170
2013-07-12 00:00:00,790991,5575,0,6699439,1112,"0,00",409,622170
2013-07-13 00:00:00,685630,6690,0,5987351,1112,"0,00",134,622170
2013-07-14 00:00:00,43412,7805,0,253582,32,"0,00",134,622170
2013-07-15 00:00:00,1090839,1115,1115,11484803,1113,"0,00",576,622170
2013-07-16 00:00:00,933479,2230,1115,9157994,1113,"0,00",576,622170
2013-07-17 00:00:00,871697,3345,1115,8269168,1113,"0,00",576,622170
2013-07-18 00:00:00,876113,4460,1115,8092686,1113,"0,00",576,622170
2013-07-19 00:00:00,908361,5575,1115,8376476,1114,"0,00",576,622170
2013-07-20 00:00:00,686036,6690,0,5941848,1114,"0,00",134,622170
2013-07-21 00:00:00,45099,7805,0,235211,32,"0,00",134,622170
2013-07-22 00:00:00,769064,1115,0,6285621,1114,"0,00",862,622170
2013-07-23 00:00:00,708902,2230,0,5767497,1114,"0,00",862,622170
2013-07-24 00:00:00,717449,3345,0,5966755,1114,"0,00",862,622170
2013-07-25 00:00:00,736248,4460,0,6065761,1114,"0,00",935,622170
2013-07-26 00:00:00,744737,5575,0,6270667,1114,"0,00",935,622170
2013-07-27 00:00:00,633102,6690,0,5448670,1114,"0,00",134,622170
2013-07-28 00:00:00,42674,7805,0,232442,32,"0,00",134,622170
2013-07-29 00:00:00,1060574,1115,1115,11299276,1114,"0,00",935,622170
2013-07-30 00:00:00,980897,2230,1115,10064515,1114,"0,00",935,622170
2013-07-31 00:00:00,1012667,3345,1115,10293490,1114,"0,00",1115,622170
2013-08-01 00:00:00,930162,4460,1115,8783485,1113,"0,00",1087,622170
2013-08-02 00:00:00,876003,5575,1115,8085626,1113,"0,00",1087,622170
2013-08-03 00:00:00,715334,6690,0,6320830,1113,"0,00",134,622170
2013-08-04 00:00:00,44662,7805,0,252848,32,"0,00",134,622170
2013-08-05 00:00:00,851752,1115,0,7169893,1113,"0,00",880,622170
2013-08-06 00:00:00,769303,2230,0,6366382,1113,"0,00",880,622170
2013-08-07 00:00:00,766591,3345,0,6414477,1113,"0,00",880,622170
2013-08-08 00:00:00,770607,4460,0,6430437,1106,"0,00",858,622170
2013-08-09 00:00:00,781132,5575,0,6589299,1115,"0,00",858,622170
2013-08-10 00:00:00,681555,6690,0,5881545,1115,"0,00",112,622170
2013-08-11 00:00:00,42451,7805,0,243358,32,"0,00",112,622170
2013-08-12 00:00:00,1095755,1115,1115,11137198,1115,"0,00",858,622170
2013-08-13 00:00:00,950342,2230,1115,9179490,1115,"0,00",858,622170
2013-08-14 00:00:00,909775,3345,1115,8509505,1115,"0,00",858,622170
2013-08-15 00:00:00,790070,4460,1115,7029537,960,"0,00",858,622170
2013-08-16 00:00:00,901419,5575,1115,8137427,1113,"0,00",858,622170
2013-08-17 00:00:00,665213,6690,0,5584570,1113,"0,00",0,622170
2013-08-18 00:00:00,42456,7805,0,241793,32,"0,00",0,622170
2013-08-19 00:00:00,779212,1115,0,6391105,1113,"0,00",706,622170
2013-08-20 00:00:00,746497,2230,0,5989832,1113,"0,00",706,622170
2013-08-21 00:00:00,716191,3345,0,5696932,1113,"0,00",706,622170
2013-08-22 00:00:00,726355,4460,0,5759988,1113,"0,00",706,622170
2013-08-23 00:00:00,746418,5575,0,6035936,1113,"0,00",706,622170
2013-08-24 00:00:00,647011,6690,0,5397910,1111,"0,00",0,622170
2013-08-25 00:00:00,41185,7805,0,225182,32,"0,00",0,622170
2013-08-26 00:00:00,1026494,1115,1115,10302422,1112,"0,00",595,622170
2013-08-27 00:00:00,891739,2230,1115,8397061,1112,"0,00",595,622170
2013-08-28 00:00:00,844061,3345,1115,7838558,1113,"0,00",595,622170
2013-08-29 00:00:00,865299,4460,1115,7970501,1112,"0,00",539,622170
2013-08-30 00:00:00,971094,5575,1115,9221577,1114,"0,00",539,622170
2013-08-31 00:00:00,728094,6690,0,6458023,1113,"0,00",0,622170
2013-09-01 00:00:00,42368,7805,0,250990,33,"0,00",0,622170
2013-09-02 00:00:00,817928,1115,0,6834913,1112,"0,00",539,622170
2013-09-03 00:00:00,780680,2230,0,6322579,1110,"0,00",539,622170
2013-09-04 00:00:00,749766,3345,0,5985810,1110,"0,00",253,622170
2013-09-05 00:00:00,736801,4460,0,5843845,1110,"0,00",253,622170
2013-09-06 00:00:00,753490,5575,0,6121373,1110,"0,00",253,622170
2013-09-07 00:00:00,680941,6690,0,5795003,1111,"0,00",0,622170
2013-09-08 00:00:00,39630,7805,0,225500,32,"0,00",0,622170
2013-09-09 00:00:00,1059134,1115,1115,11058017,1111,"0,00",180,622170
2013-09-10 00:00:00,909871,2230,1115,8946722,1111,"0,00",180,622170
2013-09-11 00:00:00,871907,3345,1115,8285894,1112,"0,00",180,622170
2013-09-12 00:00:00,880642,4460,1115,8096007,1112,"0,00",0,622170
2013-09-13 00:00:00,915379,5575,1115,8371696,1113,"0,00",0,622170
2013-09-14 00:00:00,693776,6690,0,5894325,1113,"0,00",0,622170
2013-09-15 00:00:00,39654,7805,0,224076,32,"0,00",0,622170
2013-09-16 00:00:00,769479,1115,0,6130906,1113,"0,00",0,622170
2013-09-17 00:00:00,733944,2230,0,5785061,1113,"0,00",0,622170
2013-09-18 00:00:00,687725,3345,0,5438193,1114,"0,00",0,622170
2013-09-19 00:00:00,734083,4460,0,5797033,1114,"0,00",0,622170
2013-09-20 00:00:00,743017,5575,0,6042768,1114,"0,00",0,622170
2013-09-21 00:00:00,681199,6690,0,5745122,1114,"0,00",0,622170
2013-09-22 00:00:00,36938,7805,0,204164,32,"0,00",0,622170
2013-09-23 00:00:00,967001,1115,1115,9449348,1114,"0,00",0,622170
2013-09-24 00:00:00,858835,2230,1115,7922441,1114,"0,00",0,622170
2013-09-25 00:00:00,814577,3345,1115,7390563,1115,"0,00",0,622170
2013-09-26 00:00:00,826372,4460,1115,7489318,1115,"0,00",0,622170
2013-09-27 00:00:00,896964,5575,1115,8267396,1115,"0,00",0,622170
2013-09-28 00:00:00,712937,6690,0,6245049,1115,"0,00",0,622170
2013-09-29 00:00:00,40267,7805,0,228875,33,"0,00",0,622170
2013-09-30 00:00:00,874726,1115,0,7660976,1114,"0,00",120,622170
2013-10-01 00:00:00,804037,2230,0,6677200,1115,"0,00",120,622170
2013-10-02 00:00:00,864349,3345,0,7168893,1115,"0,00",120,622170
2013-10-03 00:00:00,48103,4460,0,285518,40,,120,622170
2013-10-04 00:00:00,945977,5575,0,8196635,1115,"0,00",297,622170
2013-10-05 00:00:00,706614,6690,0,6142021,1115,"0,00",22,622170
2013-10-06 00:00:00,38215,7805,0,217293,31,"0,00",22,622170
2013-10-07 00:00:00,1078134,1115,1115,11062400,1115,"0,00",297,622170
2013-10-08 00:00:00,929711,2230,1115,8949093,1115,"0,00",297,622170
2013-10-09 00:00:00,858684,3345,1115,8089729,1115,"0,00",297,622170
2013-10-10 00:00:00,842255,4460,1115,7809827,1115,"0,00",297,622170
2013-10-11 00:00:00,867610,5575,1115,8141538,1115,"0,00",297,622170
2013-10-12 00:00:00,709747,6690,0,6203651,1115,"0,00",22,622170
2013-10-13 00:00:00,39547,7805,0,227064,31,"0,00",22,622170
2013-10-14 00:00:00,796483,1115,0,6571405,1115,"0,00",289,622170
2013-10-15 00:00:00,712941,2230,0,5864402,1115,"0,00",289,622170
2013-10-16 00:00:00,728359,3345,0,5933839,1115,"0,00",289,622170
2013-10-17 00:00:00,719827,4460,0,5861163,1115,"0,00",289,622170
2013-10-18 00:00:00,769390,5575,0,6319569,1115,"0,00",289,622170
2013-10-19 00:00:00,689293,6690,0,5868927,1115,"0,00",112,622170
2013-10-20 00:00:00,37774,7805,0,208367,31,"0,00",112,622170
2013-10-21 00:00:00,1007327,1115,1115,9833873,1115,"0,00",565,622170
2013-10-22 00:00:00,864183,2230,1115,7927560,1115,"0,00",565,622170
2013-10-23 00:00:00,816017,3345,1115,7416700,1115,"0,00",565,622170
2013-10-24 00:00:00,833168,4460,1115,7378657,1115,"0,00",565,622170
2013-10-25 00:00:00,849316,5575,1115,7589058,1115,"0,00",565,622170
2013-10-26 00:00:00,681333,6690,0,5744750,1115,"0,00",0,622170
2013-10-27 00:00:00,39427,7805,0,218159,31,"0,00",0,622170
2013-10-28 00:00:00,726542,1115,0,5831815,1115,"0,00",650,622170
2013-10-29 00:00:00,750236,2230,0,6145546,1115,"0,00",650,622170
2013-10-30 00:00:00,821116,3345,0,6970004,1115,"0,00",650,622170
2013-10-31 00:00:00,795543,4460,0,6807674,951,"0,00",577,622170
2013-11-01 00:00:00,475218,5575,0,3940492,543,"0,00",397,622170
2013-11-02 00:00:00,813168,6690,0,7410509,1115,"0,00",0,622170
2013-11-03 00:00:00,33251,7805,0,175864,18,"0,00",0,622170
2013-11-04 00:00:00,1018154,1115,1115,10568398,1115,"0,00",0,622170
2013-11-05 00:00:00,952191,2230,1115,9306571,1115,"0,00",0,622170
2013-11-06 00:00:00,859106,3345,1115,8224747,1115,"0,00",0,622170
2013-11-07 00:00:00,857946,4460,1115,7951819,1115,"0,00",0,622170
2013-11-08 00:00:00,911685,5575,1115,8443830,1115,"0,00",0,622170
2013-11-09 00:00:00,741586,6690,0,6566741,1115,"0,00",0,622170
2013-11-10 00:00:00,34576,7805,0,187852,17,"0,00",0,622170
2013-11-11 00:00:00,788493,1115,0,6423778,1115,"0,00",0,622170
2013-11-12 00:00:00,732948,2230,0,6003149,1115,"0,00",0,622170
2013-11-13 00:00:00,734978,3345,0,6028677,1115,"0,00",0,622170
2013-11-14 00:00:00,739223,4460,0,6140303,1115,"0,00",0,622170
2013-11-15 00:00:00,790440,5575,0,6741987,1115,"0,00",0,622170
2013-11-16 00:00:00,736692,6690,0,6605960,1115,"0,00",0,622170
2013-11-17 00:00:00,34381,7805,0,194615,17,"0,00",0,622170
2013-11-18 00:00:00,1035495,1115,1115,10528615,1115,"0,00",0,622170
2013-11-19 00:00:00,918755,2230,1115,8895888,1115,"0,00",0,622170
2013-11-20 00:00:00,787897,3345,1115,7472513,1040,"0,00",0,622170
2013-11-21 00:00:00,870146,4460,1115,8084449,1115,"0,00",0,622170
2013-11-22 00:00:00,886710,5575,1115,8199106,1115,"0,00",0,622170
2013-11-23 00:00:00,740157,6690,0,6593077,1115,"0,00",0,622170
2013-11-24 00:00:00,34995,7805,0,198110,17,"0,00",0,622170
2013-11-25 00:00:00,823195,1115,0,7204808,1115,"0,00",0,622170
2013-11-26 00:00:00,777337,2230,0,6673704,1115,"0,00",0,622170
2013-11-27 00:00:00,766804,3345,0,6725418,1115,"0,00",0,622170
2013-11-28 00:00:00,813496,4460,0,7262197,1115,"0,00",0,622170
2013-11-29 00:00:00,926234,5575,0,8803269,1115,"0,00",0,622170
2013-11-30 00:00:00,908611,6690,0,8614478,1115,"0,00",0,622170
2013-12-01 00:00:00,37733,7805,0,220033,17,"0,00",0,622170
2013-12-02 00:00:00,1199202,1115,1115,12972440,1115,"0,00",0,622170
2013-12-03 00:00:00,1051677,2230,1115,10915444,1115,"0,00",0,622170
2013-12-04 00:00:00,989019,3345,1115,10203870,1115,"0,00",0,622170
2013-12-05 00:00:00,995117,4460,1115,10296749,1115,"0,00",0,622170
2013-12-06 00:00:00,881559,5575,1115,8431475,1115,"0,00",0,622170
2013-12-07 00:00:00,805445,6690,0,7231141,1115,"0,00",0,622170
2013-12-08 00:00:00,34892,7805,0,190125,18,"0,00",0,622170
2013-12-09 00:00:00,872942,1115,0,7607576,1115,"0,00",0,622170
2013-12-10 00:00:00,857397,2230,0,7458243,1115,"0,00",0,622170
2013-12-11 00:00:00,834467,3345,0,7364610,1115,"0,00",0,622170
2013-12-12 00:00:00,850768,4460,0,7520198,1115,"0,00",0,622170
2013-12-13 00:00:00,887006,5575,0,8012317,1115,"0,00",0,622170
2013-12-14 00:00:00,844563,6690,0,7938245,1115,"0,00",0,622170
2013-12-15 00:00:00,36978,7805,0,214032,17,"0,00",0,622170
2013-12-16 00:00:00,1340280,1115,1115,15623548,1115,"0,00",0,622170
2013-12-17 00:00:00,1198877,2230,1115,13053993,1115,"0,00",0,622170
2013-12-18 00:00:00,1158335,3345,1115,12189674,1115,"0,00",0,622170
2013-12-19 00:00:00,1154752,4460,1115,11740273,1115,"0,00",28,622170
2013-12-20 00:00:00,1219287,5575,1115,12334496,1115,"0,00",28,622170
2013-12-21 00:00:00,1053248,6690,0,10165366,1115,"0,00",0,622170
2013-12-22 00:00:00,41248,7805,0,263979,28,"0,00",0,622170
2013-12-23 00:00:00,1518600,1115,0,14350056,1115,"0,00",1115,622170
2013-12-24 00:00:00,580313,2230,0,5232808,1115,"0,00",1115,622170
2013-12-25 00:00:00,24022,3345,0,142585,17,,1115,622170
2013-12-26 00:00:00,30762,4460,0,188597,19,,1115,622170
2013-12-27 00:00:00,937104,5575,0,8168568,1115,"0,00",1115,622170
2013-12-28 00:00:00,758154,6690,0,6726568,1115,"0,00",134,622170
2013-12-29 00:00:00,36760,7805,0,226553,25,"0,00",134,622170
2013-12-30 00:00:00,1117442,1115,0,10192135,1115,"0,00",1115,622170
2013-12-31 00:00:00,531392,2230,0,4534864,1115,"0,00",1115,622170
2014-01-01 00:00:00,21925,3345,0,118108,18,,1115,622170
2014-01-02 00:00:00,818375,4460,0,6980556,1115,"0,00",1115,622170
2014-01-03 00:00:00,818253,5575,0,7024253,1115,"0,00",1115,622170
2014-01-04 00:00:00,723684,6690,0,6357259,1115,"0,00",112,622170
2014-01-05 00:00:00,32322,7805,0,184905,22,"0,00",112,622170
2014-01-06 00:00:00,834045,1115,1115,8661727,809,"0,00",553,622170
2014-01-07 00:00:00,1037300,2230,1115,10456932,1115,"0,00",438,622170
2014-01-08 00:00:00,894254,3345,1115,8643239,1115,"0,00",112,622170
2014-01-09 00:00:00,855056,4460,1115,8016642,1115,"0,00",112,622170
2014-01-10 00:00:00,916235,5575,1115,8548672,1115,"0,00",112,622170
2014-01-11 00:00:00,709633,6690,0,6231179,1112,"0,00",0,622170
2014-01-12 00:00:00,31433,7805,0,175744,17,"0,00",0,622170
2014-01-13 00:00:00,758082,1115,0,6089929,1112,"0,00",0,622170
2014-01-14 00:00:00,719948,2230,0,5785842,1112,"0,00",0,622170
2014-01-15 00:00:00,708232,3345,0,5779426,1111,"0,00",0,622170
2014-01-16 00:00:00,700350,4460,0,5720266,1110,"0,00",0,622170
2014-01-17 00:00:00,764681,5575,0,6332625,1110,"0,00",0,622170
2014-01-18 00:00:00,711332,6690,0,6213031,1110,"0,00",0,622170
2014-01-19 00:00:00,32218,7805,0,175778,17,"0,00",0,622170
2014-01-20 00:00:00,1001444,1115,1115,10648819,1110,"0,00",0,622170
2014-01-21 00:00:00,851491,2230,1115,8475207,1110,"0,00",0,622170
2014-01-22 00:00:00,832078,3345,1115,7970289,1110,"0,00",0,622170
2014-01-23 00:00:00,816995,4460,1115,7625568,1110,"0,00",0,622170
2014-01-24 00:00:00,841433,5575,1115,7851977,1112,"0,00",0,622170
2014-01-25 00:00:00,684990,6690,0,5986034,1112,"0,00",0,622170
2014-01-26 00:00:00,30422,7805,0,160153,17,"0,00",0,622170
2014-01-27 00:00:00,714492,1115,0,5689615,1113,"0,00",0,622170
2014-01-28 00:00:00,719520,2230,0,5790602,1113,"0,00",0,622170
2014-01-29 00:00:00,692939,3345,0,5809489,1113,"0,00",0,622170
2014-01-30 00:00:00,744214,4460,0,6313068,1113,"0,00",22,622170
2014-01-31 00:00:00,875811,5575,0,7935853,1113,"0,00",22,622170
2014-02-01 00:00:00,741526,6690,0,6934170,1113,"0,00",0,622170
2014-02-02 00:00:00,36895,7805,0,214940,18,"0,00",0,622170
2014-02-03 00:00:00,1099528,1115,1115,11757740,1113,"0,00",148,622170
2014-02-04 00:00:00,968587,2230,1115,9651472,1113,"0,00",148,622170
2014-02-05 00:00:00,874257,3345,1115,8456987,1113,"0,00",148,622170
2014-02-06 00:00:00,887136,4460,1115,8226263,1113,"0,00",148,622170
2014-02-07 00:00:00,863398,5575,1115,8075318,1113,"0,00",148,622170
2014-02-08 00:00:00,722556,6690,0,6387706,1113,"0,00",0,622170
2014-02-09 00:00:00,35021,7805,0,190226,17,"0,00",0,622170
2014-02-10 00:00:00,799112,1115,0,6451410,1112,"0,00",56,622170
2014-02-11 00:00:00,755240,2230,0,6056843,1112,"0,00",56,622170
2014-02-12 00:00:00,748447,3345,0,6046448,1113,"0,00",56,622170
2014-02-13 00:00:00,753399,4460,0,6180416,1113,"0,00",0,622170
2014-02-14 00:00:00,840906,5575,0,7086640,1114,"0,00",0,622170
2014-02-15 00:00:00,718465,6690,0,6293698,1114,"0,00",0,622170
2014-02-16 00:00:00,34894,7805,0,190158,17,"0,00",0,622170
2014-02-17 00:00:00,1052877,1115,1115,10675316,1114,"0,00",111,622170
2014-02-18 00:00:00,908533,2230,1115,8708285,1114,"0,00",111,622170
2014-02-19 00:00:00,837033,3345,1115,7855918,1114,"0,00",111,622170
2014-02-20 00:00:00,852829,4460,1115,7738889,1114,"0,00",111,622170
2014-02-21 00:00:00,856205,5575,1115,7862313,1115,"0,00",111,622170
2014-02-22 00:00:00,708749,6690,0,6123882,1114,"0,00",0,622170
2014-02-23 00:00:00,34851,7805,0,185005,18,"0,00",0,622170
2014-02-24 00:00:00,770839,1115,0,6036002,1114,"0,00",75,622170
2014-02-25 00:00:00,725970,2230,0,5697449,1114,"0,00",75,622170
2014-02-26 00:00:00,740172,3345,0,5960448,1114,"0,00",75,622170
2014-02-27 00:00:00,726638,4460,0,6006428,1113,"0,00",75,622170
2014-02-28 00:00:00,878227,5575,0,7874307,1114,"0,00",75,622170
2014-03-01 00:00:00,781917,6690,0,7088957,1115,"0,00",0,622170
2014-03-02 00:00:00,39452,7805,0,225564,19,"0,00",0,622170
2014-03-03 00:00:00,980471,1115,1115,10254710,1084,"0,00",208,622170
2014-03-04 00:00:00,937072,2230,1115,9211960,1112,"0,00",208,622170
2014-03-05 00:00:00,915031,3345,1115,8802968,1115,"0,00",208,622170
2014-03-06 00:00:00,908176,4460,1115,8444592,1115,"0,00",208,622170
2014-03-07 00:00:00,923220,5575,1115,8486290,1115,"0,00",208,622170
2014-03-08 00:00:00,715477,6690,0,6075937,1115,"0,00",0,622170
2014-03-09 00:00:00,37147,7805,0,187110,20,"0,00",0,622170
2014-03-10 00:00:00,778982,1115,0,6204784,1112,"0,00",28,622170
2014-03-11 00:00:00,740799,2230,0,5906003,1112,"0,00",28,622170
2014-03-12 00:00:00,723583,3345,0,5795093,1113,"0,00",28,622170
2014-03-13 00:00:00,733410,4460,0,5898902,1111,"0,00",28,622170
2014-03-14 00:00:00,777216,5575,0,6447567,1111,"0,00",28,622170
2014-03-15 00:00:00,704305,6690,0,6310072,1111,"0,00",0,622170
2014-03-16 00:00:00,38502,7805,0,213125,27,"0,00",0,622170
2014-03-17 00:00:00,1024867,1115,1115,10311703,1111,"0,00",0,622170
2014-03-18 00:00:00,881600,2230,1115,8426401,1112,"0,00",0,622170
2014-03-19 00:00:00,843215,3345,1115,7849900,1112,"0,00",0,622170
2014-03-20 00:00:00,814730,4460,1115,7179418,1111,"0,00",0,622170
2014-03-21 00:00:00,838189,5575,1115,7681649,1111,"0,00",0,622170
2014-03-22 00:00:00,705202,6690,0,6176931,1109,"0,00",0,622170
2014-03-23 00:00:00,39261,7805,0,217517,30,"0,00",0,622170
2014-03-24 00:00:00,779249,1115,0,6506590,1109,"0,00",0,622170
2014-03-25 00:00:00,725439,2230,0,5909575,1109,"0,00",0,622170
2014-03-26 00:00:00,706845,3345,0,5840946,1110,"0,00",0,622170
2014-03-27 00:00:00,729455,4460,0,6024721,1110,"0,00",0,622170
2014-03-28 00:00:00,792762,5575,0,6822072,1111,"0,00",0,622170
2014-03-29 00:00:00,707761,6690,0,6248819,1112,"0,00",0,622170
2014-03-30 00:00:00,38245,7805,0,207045,30,"0,00",0,622170
2014-03-31 00:00:00,1125153,1115,1115,12062933,1114,"0,00",0,622170
2014-04-01 00:00:00,946518,2230,1115,9114237,1114,"0,00",0,622170
2014-04-02 00:00:00,884087,3345,1115,8314447,1113,"0,00",0,622170
2014-04-03 00:00:00,886014,4460,1115,8215262,1113,"0,00",22,622170
2014-04-04 00:00:00,914152,5575,1115,8575005,1114,"0,00",22,622170
2014-04-05 00:00:00,731475,6690,0,6560749,1114,"0,00",22,622170
2014-04-06 00:00:00,39945,7805,0,223163,32,"0,00",22,622170
2014-04-07 00:00:00,808791,1115,0,6624706,1114,"0,00",22,622170
2014-04-08 00:00:00,746392,2230,0,6248167,1114,"0,00",22,622170
2014-04-09 00:00:00,764528,3345,0,6410230,1114,"0,00",22,622170
2014-04-10 00:00:00,779628,4460,0,6524511,1115,"0,00",22,622170
2014-04-11 00:00:00,813960,5575,0,6910251,1115,"0,00",22,622170
2014-04-12 00:00:00,726704,6690,0,6388099,1115,"0,00",22,622170
2014-04-13 00:00:00,42162,7805,0,241475,31,"0,00",22,622170
2014-04-14 00:00:00,1089929,1115,1115,11683139,1115,"0,00",861,622170
2014-04-15 00:00:00,1041972,2230,1115,10668363,1115,"0,00",861,622170
2014-04-16 00:00:00,1024616,3345,1115,10024850,1115,"0,00",976,622170
2014-04-17 00:00:00,1109623,4460,1115,10357418,1115,"0,00",976,622170
2014-04-18 00:00:00,38237,5575,1115,222365,17,,995,622170
2014-04-19 00:00:00,948290,6690,0,8428009,1115,"0,00",134,622170
2014-04-20 00:00:00,35030,7805,0,186799,32,"0,00",134,622170
2014-04-21 00:00:00,43421,1115,0,240988,32,,1031,622170
2014-04-22 00:00:00,850700,2230,0,6971756,1114,"0,00",1031,622170
2014-04-23 00:00:00,745429,3345,0,5997676,1114,"0,00",1009,622170
2014-04-24 00:00:00,747952,4460,0,6039156,1114,"0,00",1009,622170
2014-04-25 00:00:00,760617,5575,0,6219955,1114,"0,00",1009,622170
2014-04-26 00:00:00,687942,6690,0,5968493,1114,"0,00",0,622170
2014-04-27 00:00:00,39223,7805,0,219630,32,"0,00",0,622170
2014-04-28 00:00:00,1046696,1115,1115,10667908,1114,"0,00",179,622170
2014-04-29 00:00:00,953790,2230,1115,9457130,1115,"0,00",179,622170
2014-04-30 00:00:00,1097830,3345,1115,10841040,1115,"0,00",179,622170
2014-05-01 00:00:00,39554,4460,1115,238077,20,,179,622170
2014-05-02 00:00:00,1141048,5575,1115,11310699,1114,"0,00",293,622170
2014-05-03 00:00:00,771104,6690,0,6850332,1114,"0,00",0,622170
2014-05-04 00:00:00,40401,7805,0,227506,33,"0,00",0,622170
2014-05-05 00:00:00,1067972,1115,1115,10797063,1115,"0,00",0,622170
2014-05-06 00:00:00,933440,2230,1115,9073871,1115,"0,00",0,622170
2014-05-07 00:00:00,878000,3345,1115,8451824,1114,"0,00",0,622170
2014-05-08 00:00:00,886932,4460,1115,8356504,1114,"0,00",0,622170
2014-05-09 00:00:00,928988,5575,1115,8722646,1114,"0,00",0,622170
2014-05-10 00:00:00,775352,6690,0,6828031,1114,"0,00",0,622170
2014-05-11 00:00:00,41961,7805,0,242817,32,"0,00",0,622170
2014-05-12 00:00:00,780714,1115,0,6383523,1114,"0,00",0,622170
2014-05-13 00:00:00,751507,2230,0,6128627,1114,"0,00",0,622170
2014-05-14 00:00:00,744235,3345,0,6141038,1114,"0,00",0,622170
2014-05-15 00:00:00,759575,4460,0,6252912,1114,"0,00",0,622170
2014-05-16 00:00:00,784919,5575,0,6515173,1114,"0,00",0,622170
2014-05-17 00:00:00,700008,6690,0,6052688,1114,"0,00",0,622170
2014-05-18 00:00:00,42078,7805,0,234786,32,"0,00",0,622170
2014-05-19 00:00:00,1007594,1115,1115,10104320,1114,"0,00",0,622170
2014-05-20 00:00:00,883301,2230,1115,8264365,1113,"0,00",0,622170
2014-05-21 00:00:00,839270,3345,1115,7727052,1113,"0,00",0,622170
2014-05-22 00:00:00,833380,4460,1115,7517793,1113,"0,00",0,622170
2014-05-23 00:00:00,875454,5575,1115,8177009,1113,"0,00",0,622170
2014-05-24 00:00:00,702044,6690,0,6130815,1113,"0,00",0,622170
2014-05-25 00:00:00,41751,7805,0,224097,32,"0,00",0,622170
2014-05-26 00:00:00,780164,1115,0,6489410,1113,"0,00",0,622170
2014-05-27 00:00:00,734810,2230,0,6286135,1113,"0,00",0,622170
2014-05-28 00:00:00,887635,3345,0,7944392,1113,"0,00",0,622170
2014-05-29 00:00:00,46904,4460,0,292254,31,,0,622170
2014-05-30 00:00:00,1043166,5575,0,9846892,1113,"0,00",424,622170
2014-05-31 00:00:00,762489,6690,0,6880606,1112,"0,00",0,622170
2014-06-01 00:00:00,45153,7805,0,264670,33,"0,00",0,622170
2014-06-02 00:00:00,1107845,1115,1115,11662688,1112,"0,00",56,622170
2014-06-03 00:00:00,966071,2230,1115,9598519,1112,"0,00",56,622170
2014-06-04 00:00:00,902840,3345,1115,8807342,1113,"0,00",56,622170
2014-06-05 00:00:00,914456,4460,1115,8812312,1113,"0,00",56,622170
2014-06-06 00:00:00,950044,5575,1115,8857173,1113,"0,00",56,622170
2014-06-07 00:00:00,772417,6690,0,6731210,1113,"0,00",0,622170
2014-06-08 00:00:00,50042,7805,0,275989,32,"0,00",0,622170
2014-06-09 00:00:00,52481,1115,0,288181,34,,0,622170
2014-06-10 00:00:00,862173,2230,0,7416071,1113,"0,00",561,622170
2014-06-11 00:00:00,778255,3345,0,6688764,1113,"0,00",253,622170
2014-06-12 00:00:00,814557,4460,0,6939204,1113,"0,00",253,622170
2014-06-13 00:00:00,815619,5575,0,7068339,1113,"0,00",253,622170
2014-06-14 00:00:00,730605,6690,0,6574173,1113,"0,00",0,622170
2014-06-15 00:00:00,41605,7805,0,238273,32,"0,00",0,622170
2014-06-16 00:00:00,1026601,1115,1115,10692037,1113,"0,00",253,622170
2014-06-17 00:00:00,946295,2230,1115,9295150,1113,"0,00",253,622170
2014-06-18 00:00:00,953404,3345,1115,9059505,1113,"0,00",253,622170
2014-06-19 00:00:00,386276,4460,1115,3307766,429,"0,00",253,622170
2014-06-20 00:00:00,1005406,5575,1115,9683407,1113,"0,00",253,622170
2014-06-21 00:00:00,700770,6690,0,6065789,1113,"0,00",0,622170
2014-06-22 00:00:00,41392,7805,0,230668,32,"0,00",0,622170
2014-06-23 00:00:00,802029,1115,0,6604967,1112,"0,00",0,622170
2014-06-24 00:00:00,742058,2230,0,6040970,1111,"0,00",0,622170
2014-06-25 00:00:00,718558,3345,0,5977803,1111,"0,00",0,622170
2014-06-26 00:00:00,706020,4460,0,5802491,1111,"0,00",0,622170
2014-06-27 00:00:00,798397,5575,0,6910940,1112,"0,00",0,622170
2014-06-28 00:00:00,716868,6690,0,6586535,1112,"0,00",0,622170
2014-06-29 00:00:00,42236,7805,0,257513,32,"0,00",0,622170
2014-06-30 00:00:00,1189439,1115,1115,13308602,1112,"0,00",0,622170
2014-07-01 00:00:00,849874,1870,935,8240050,933,"0,00",0,524108
2014-07-02 00:00:00,812232,2805,935,7708595,932,"0,00",0,524108
2014-07-03 00:00:00,795167,3740,935,7204662,932,"0,00",0,524108
2014-07-04 00:00:00,738258,4675,935,6518718,931,"0,00",0,524108
2014-07-05 00:00:00,611223,5610,0,5377184,932,"0,00",0,524108
2014-07-06 00:00:00,44139,6545,0,241423,31,"0,00",0,524108
2014-07-07 00:00:00,733291,935,0,6059587,932,"0,00",286,524108
2014-07-08 00:00:00,613274,1870,0,5119383,932,"0,00",286,524108
2014-07-09 00:00:00,594373,2805,0,4959489,932,"0,00",378,524108
2014-07-10 00:00:00,694278,3740,0,5729302,932,"0,00",406,524108
2014-07-11 00:00:00,691330,4675,0,5791635,932,"0,00",406,524108
2014-07-12 00:00:00,606010,5610,0,5329624,929,"0,00",0,524108
2014-07-13 00:00:00,44688,6545,0,268130,31,"0,00",0,524108
2014-07-14 00:00:00,844792,935,935,8607714,927,"0,00",521,524108
2014-07-15 00:00:00,788768,1870,935,7684994,927,"0,00",521,524108
2014-07-16 00:00:00,758629,2805,935,7177840,927,"0,00",521,524108
2014-07-17 00:00:00,745735,3740,935,6837176,927,"0,00",521,524108
2014-07-18 00:00:00,735098,4675,935,6647315,927,"0,00",521,524108
2014-07-19 00:00:00,552395,5610,0,4689269,927,"0,00",0,524108
2014-07-20 00:00:00,44706,6545,0,248092,31,"0,00",0,524108
2014-07-21 00:00:00,670245,935,0,5690785,927,"0,00",688,524108
2014-07-22 00:00:00,643305,1870,0,5274595,927,"0,00",688,524108
2014-07-23 00:00:00,618345,2805,0,5068787,929,"0,00",688,524108
2014-07-24 00:00:00,627028,3740,0,5179026,930,"0,00",688,524108
2014-07-25 00:00:00,651507,4675,0,5493418,931,"0,00",688,524108
2014-07-26 00:00:00,568168,5610,0,4887412,931,"0,00",0,524108
2014-07-27 00:00:00,44035,6545,0,244638,31,"0,00",0,524108
2014-07-28 00:00:00,834087,935,935,8536879,931,"0,00",840,524108
2014-07-29 00:00:00,748017,1870,935,7323566,931,"0,00",840,524108
2014-07-30 00:00:00,757515,2805,935,7468663,931,"0,00",840,524108
2014-07-31 00:00:00,838786,3740,935,8284756,930,"0,00",823,524108
2014-08-01 00:00:00,802329,4675,935,7544719,932,"0,00",935,524108
2014-08-02 00:00:00,603325,5610,0,5300445,932,"0,00",134,524108
2014-08-03 00:00:00,46410,6545,0,273058,31,"0,00",134,524108
2014-08-04 00:00:00,888967,935,935,9062750,932,"0,00",935,524108
2014-08-05 00:00:00,788799,1870,935,7530345,932,"0,00",935,524108
2014-08-06 00:00:00,728267,2805,935,6709611,932,"0,00",935,524108
2014-08-07 00:00:00,742333,3740,935,6772684,932,"0,00",935,524108
2014-08-08 00:00:00,728811,4675,935,6571862,933,"0,00",935,524108
2014-08-09 00:00:00,576746,5610,0,4938926,933,"0,00",134,524108
2014-08-10 00:00:00,43391,6545,0,249646,31,"0,00",134,524108
2014-08-11 00:00:00,707753,935,0,5850906,933,"0,00",935,524108
2014-08-12 00:00:00,648622,1870,0,5281785,933,"0,00",935,524108
2014-08-13 00:00:00,629234,2805,0,5149918,933,"0,00",935,524108
2014-08-14 00:00:00,652227,3740,0,5395023,933,"0,00",935,524108
2014-08-15 00:00:00,662797,4675,0,5595129,934,"0,00",935,524108
2014-08-16 00:00:00,583129,5610,0,5021534,934,"0,00",134,524108
2014-08-17 00:00:00,43116,6545,0,255808,31,"0,00",134,524108
2014-08-18 00:00:00,903752,935,935,9250961,934,"0,00",935,524108
2014-08-19 00:00:00,800967,1870,935,7698449,934,"0,00",935,524108
2014-08-20 00:00:00,758733,2805,935,7022798,934,"0,00",649,524108
2014-08-21 00:00:00,738275,3740,935,6616202,934,"0,00",621,524108
2014-08-22 00:00:00,740207,4675,935,6638319,931,"0,00",621,524108
2014-08-23 00:00:00,588340,5610,0,4958030,930,"0,00",134,524108
2014-08-24 00:00:00,42329,6545,0,248837,31,"0,00",134,524108
2014-08-25 00:00:00,709524,935,0,5750763,931,"0,00",414,524108
2014-08-26 00:00:00,630404,1870,0,5056366,931,"0,00",414,524108
2014-08-27 00:00:00,646420,2805,0,5167298,930,"0,00",414,524108
2014-08-28 00:00:00,657559,3740,0,5355611,930,"0,00",414,524108
2014-08-29 00:00:00,746394,4675,0,6562758,928,"0,00",414,524108
2014-08-30 00:00:00,633056,5610,0,5643050,928,"0,00",134,524108
2014-08-31 00:00:00,44235,6545,0,274884,31,"0,00",134,524108
2014-09-01 00:00:00,950038,935,935,9737203,928,"0,00",303,524108
2014-09-02 00:00:00,816602,1870,935,7854744,929,"0,00",303,524108
2014-09-03 00:00:00,764960,2805,935,7170145,929,"0,00",303,524108
2014-09-04 00:00:00,750398,3740,935,6799830,928,"0,00",247,524108
2014-09-05 00:00:00,764486,4675,935,6908744,930,"0,00",247,524108
2014-09-06 00:00:00,596300,5610,0,5010762,930,"0,00",22,524108
2014-09-07 00:00:00,40338,6545,0,228115,31,"0,00",22,524108
2014-09-08 00:00:00,702725,935,0,5655302,930,"0,00",95,524108
2014-09-09 00:00:00,655524,1870,0,5259862,929,"0,00",95,524108
2014-09-10 00:00:00,644590,2805,0,5220667,931,"0,00",95,524108
2014-09-11 00:00:00,655480,3740,0,5288519,932,"0,00",73,524108
2014-09-12 00:00:00,663022,4675,0,5479788,932,"0,00",73,524108
2014-09-13 00:00:00,600531,5610,0,5134569,932,"0,00",0,524108
2014-09-14 00:00:00,41672,6545,0,243543,31,"0,00",0,524108
2014-09-15 00:00:00,879241,935,935,8724338,932,"0,00",0,524108
2014-09-16 00:00:00,773733,1870,935,7191134,932,"0,00",0,524108
2014-09-17 00:00:00,723242,2805,935,6513743,932,"0,00",0,524108
2014-09-18 00:00:00,721411,3740,935,6397477,932,"0,00",0,524108
2014-09-19 00:00:00,740984,4675,935,6550530,932,"0,00",0,524108
2014-09-20 00:00:00,589198,5610,0,4915671,933,"0,00",0,524108
2014-09-21 00:00:00,41461,6545,0,242302,31,"0,00",0,524108
2014-09-22 00:00:00,662419,935,0,5277645,934,"0,00",0,524108
2014-09-23 00:00:00,637445,1870,0,4977122,933,"0,00",0,524108
2014-09-24 00:00:00,609887,2805,0,4805992,934,"0,00",0,524108
2014-09-25 00:00:00,627718,3740,0,4969583,934,"0,00",0,524108
2014-09-26 00:00:00,651404,4675,0,5320736,934,"0,00",0,524108
2014-09-27 00:00:00,589743,5610,0,4975386,934,"0,00",0,524108
2014-09-28 00:00:00,39230,6545,0,220642,32,"0,00",0,524108
2014-09-29 00:00:00,856532,935,935,8548286,934,"0,00",0,524108
2014-09-30 00:00:00,877635,1870,935,8893788,934,"0,00",0,524108
2014-10-01 00:00:00,813279,2805,935,7702334,935,"0,00",0,524108
2014-10-02 00:00:00,889705,3740,935,8155792,934,"0,00",0,524108
2014-10-03 00:00:00,51331,4675,935,307988,39,,0,524108
2014-10-04 00:00:00,726851,5610,0,6426083,934,"0,00",0,524108
2014-10-05 00:00:00,39187,6545,0,225796,30,"0,00",0,524108
2014-10-06 00:00:00,903887,935,935,9028634,935,"0,00",322,524108
2014-10-07 00:00:00,763609,1870,935,7332784,935,"0,00",322,524108
2014-10-08 00:00:00,732067,2805,935,6869767,934,"0,00",322,524108
2014-10-09 00:00:00,750548,3740,935,6816808,935,"0,00",322,524108
2014-10-10 00:00:00,777828,4675,935,7047404,935,"0,00",322,524108
2014-10-11 00:00:00,608743,5610,0,5190193,935,"0,00",0,524108
2014-10-12 00:00:00,40268,6545,0,240423,30,"0,00",0,524108
2014-10-13 00:00:00,678351,935,0,5445980,935,"0,00",465,524108
2014-10-14 00:00:00,656183,1870,0,5213744,935,"0,00",465,524108
2014-10-15 00:00:00,632354,2805,0,5110401,935,"0,00",465,524108
2014-10-16 00:00:00,639641,3740,0,5179446,935,"0,00",465,524108
2014-10-17 00:00:00,668947,4675,0,5449686,935,"0,00",465,524108
2014-10-18 00:00:00,585152,5610,0,4945733,935,"0,00",0,524108
2014-10-19 00:00:00,35357,6545,0,204991,30,"0,00",0,524108
2014-10-20 00:00:00,841553,935,935,8078830,935,"0,00",462,524108
2014-10-21 00:00:00,719784,1870,935,6677374,935,"0,00",462,524108
2014-10-22 00:00:00,673288,2805,935,6129832,935,"0,00",462,524108
2014-10-23 00:00:00,734282,3740,935,6463607,935,"0,00",462,524108
2014-10-24 00:00:00,747373,4675,935,6523289,935,"0,00",462,524108
2014-10-25 00:00:00,583760,5610,0,4894704,935,"0,00",112,524108
2014-10-26 00:00:00,38947,6545,0,219359,30,"0,00",112,524108
2014-10-27 00:00:00,684089,935,0,5508341,935,"0,00",470,524108
2014-10-28 00:00:00,640927,1870,0,5163755,934,"0,00",470,524108
2014-10-29 00:00:00,636348,2805,0,5285015,935,"0,00",470,524108
2014-10-30 00:00:00,734111,3740,0,6271893,935,"0,00",470,524108
2014-10-31 00:00:00,707142,4675,0,6106412,772,"0,00",397,524108
2014-11-01 00:00:00,405668,5610,0,3522395,542,"0,00",0,524108
2014-11-02 00:00:00,38010,6545,0,213741,17,"0,00",0,524108
2014-11-03 00:00:00,958343,935,935,9953793,935,"0,00",22,524108
2014-11-04 00:00:00,829606,1870,935,8181287,935,"0,00",22,524108
2014-11-05 00:00:00,777506,2805,935,7493001,935,"0,00",22,524108
2014-11-06 00:00:00,765939,3740,935,7184058,935,"0,00",22,524108
2014-11-07 00:00:00,779203,4675,935,7298281,935,"0,00",22,524108
2014-11-08 00:00:00,640974,5610,0,5629423,935,"0,00",0,524108
2014-11-09 00:00:00,31403,6545,0,177774,17,"0,00",0,524108
2014-11-10 00:00:00,840079,935,935,8095306,935,"0,00",0,524108
2014-11-11 00:00:00,759736,1870,935,7083145,935,"0,00",0,524108
2014-11-12 00:00:00,724061,2805,935,6686356,935,"0,00",0,524108
2014-11-13 00:00:00,741568,3740,935,6750180,935,"0,00",0,524108
2014-11-14 00:00:00,770203,4675,935,7064885,935,"0,00",0,524108
2014-11-15 00:00:00,632085,5610,0,5576429,935,"0,00",0,524108
2014-11-16 00:00:00,35060,6545,0,203453,16,"0,00",0,524108
2014-11-17 00:00:00,709733,935,0,5849735,935,"0,00",0,524108
2014-11-18 00:00:00,648585,1870,0,5367537,935,"0,00",0,524108
2014-11-19 00:00:00,592324,2805,0,4888765,860,"0,00",0,524108
2014-11-20 00:00:00,668680,3740,0,5575878,934,"0,00",0,524108
2014-11-21 00:00:00,688304,4675,0,5816514,935,"0,00",0,524108
2014-11-22 00:00:00,629622,5610,0,5522528,935,"0,00",0,524108
2014-11-23 00:00:00,35099,6545,0,198298,16,"0,00",0,524108
2014-11-24 00:00:00,890119,935,935,9020315,935,"0,00",0,524108
2014-11-25 00:00:00,806156,1870,935,7868758,935,"0,00",0,524108
2014-11-26 00:00:00,771840,2805,935,7518283,935,"0,00",0,524108
2014-11-27 00:00:00,803771,3740,935,7867510,935,"0,00",0,524108
2014-11-28 00:00:00,905259,4675,935,9172722,935,"0,00",0,524108
2014-11-29 00:00:00,768690,5610,0,7305547,935,"0,00",0,524108
2014-11-30 00:00:00,38606,6545,0,242056,17,"0,00",0,524108
2014-12-01 00:00:00,965344,935,935,10276971,935,"0,00",0,524108
2014-12-02 00:00:00,865867,1870,935,8843822,935,"0,00",0,524108
2014-12-03 00:00:00,812638,2805,935,8258019,935,"0,00",0,524108
2014-12-04 00:00:00,847660,3740,935,8554042,935,"0,00",0,524108
2014-12-05 00:00:00,962959,4675,935,9801856,935,"0,00",0,524108
2014-12-06 00:00:00,722727,5610,0,6479401,935,"0,00",0,524108
2014-12-07 00:00:00,34630,6545,0,196469,16,"0,00",0,524108
2014-12-08 00:00:00,756799,935,0,6560015,935,"0,00",0,524108
2014-12-09 00:00:00,727050,1870,0,6329729,935,"0,00",0,524108
2014-12-10 00:00:00,669779,2805,0,5909802,935,"0,00",0,524108
2014-12-11 00:00:00,695007,3740,0,6156944,935,"0,00",0,524108
2014-12-12 00:00:00,713276,4675,0,6501211,935,"0,00",0,524108
2014-12-13 00:00:00,732197,5610,0,6779226,935,"0,00",0,524108
2014-12-14 00:00:00,36629,6545,0,218670,16,"0,00",0,524108
2014-12-15 00:00:00,1054956,935,935,12133381,935,"0,00",0,524108
2014-12-16 00:00:00,981596,1870,935,10621060,935,"0,00",0,524108
2014-12-17 00:00:00,891212,2805,935,9483386,935,"0,00",0,524108
2014-12-18 00:00:00,962561,3740,935,9808212,935,"0,00",0,524108
2014-12-19 00:00:00,931008,4675,935,9518489,935,"0,00",0,524108
2014-12-20 00:00:00,817362,5610,0,7956411,935,"0,00",0,524108
2014-12-21 00:00:00,40226,6545,0,259248,27,"0,00",0,524108
2014-12-22 00:00:00,1130014,935,0,11007641,935,"0,00",935,524108
2014-12-23 00:00:00,1130310,1870,0,10712124,935,"0,00",935,524108
2014-12-24 00:00:00,499900,2805,0,4612716,935,"0,00",935,524108
2014-12-25 00:00:00,24451,3740,0,155386,16,,935,524108
2014-12-26 00:00:00,32180,4675,0,205238,19,,935,524108
2014-12-27 00:00:00,654005,5610,0,5710292,935,"0,00",134,524108
2014-12-28 00:00:00,35244,6545,0,218071,23,"0,00",134,524108
2014-12-29 00:00:00,800123,935,0,7291426,935,"0,00",935,524108
2014-12-30 00:00:00,830067,1870,0,7665743,935,"0,00",935,524108
2014-12-31 00:00:00,442847,2805,0,3895591,935,"0,00",935,524108
2015-01-01 00:00:00,23049,4460,0,130162,18,"0,00",1115,622170
2015-01-02 00:00:00,833452,5575,0,7561431,1115,"0,00",1115,622170
2015-01-03 00:00:00,674126,6690,0,6150311,1115,"0,00",112,622170
2015-01-04 00:00:00,33860,7805,0,197193,22,"0,00",112,622170
2015-01-05 00:00:00,1086836,1115,1115,11303805,1115,"0,00",912,622170
2015-01-06 00:00:00,705935,2230,1115,6791481,809,"0,00",581,622170
2015-01-07 00:00:00,875379,3345,1115,8621857,1115,"0,00",152,622170
2015-01-08 00:00:00,787890,4460,1115,7646645,1115,"0,00",112,622170
2015-01-09 00:00:00,817211,5575,1115,7945387,1115,"0,00",112,622170
2015-01-10 00:00:00,679177,6690,0,6277742,1115,"0,00",0,622170
2015-01-11 00:00:00,31872,7805,0,183367,17,"0,00",0,622170
2015-01-12 00:00:00,960598,1115,1115,9840664,1115,"0,00",0,622170
2015-01-13 00:00:00,877468,2230,1115,8538569,1115,"0,00",0,622170
2015-01-14 00:00:00,816263,3345,1115,7881690,1115,"0,00",0,622170
2015-01-15 00:00:00,818837,4460,1115,7774935,1115,"0,00",0,622170
2015-01-16 00:00:00,896671,5575,1115,8456148,1115,"0,00",0,622170
2015-01-17 00:00:00,722888,6690,0,6525692,1115,"0,00",0,622170
2015-01-18 00:00:00,33854,7805,0,195778,17,"0,00",0,622170
2015-01-19 00:00:00,774440,1115,0,6386391,1114,"0,00",0,622170
2015-01-20 00:00:00,703317,2230,0,5744162,1114,"0,00",0,622170
2015-01-21 00:00:00,707483,3345,0,5882045,1114,"0,00",0,622170
2015-01-22 00:00:00,710747,4460,0,5933913,1114,"0,00",0,622170
2015-01-23 00:00:00,741005,5575,0,6326166,1114,"0,00",0,622170
2015-01-24 00:00:00,641657,6690,0,5811369,1114,"0,00",0,622170
2015-01-25 00:00:00,31891,7805,0,179028,17,"0,00",0,622170
2015-01-26 00:00:00,921416,1115,1115,9401803,1114,"0,00",0,622170
2015-01-27 00:00:00,861505,2230,1115,8392342,1114,"0,00",0,622170
2015-01-28 00:00:00,811962,3345,1115,7930037,1114,"0,00",0,622170
2015-01-29 00:00:00,823397,4460,1115,8024066,1114,"0,00",0,622170
2015-01-30 00:00:00,934354,5575,1115,9454954,1114,"0,00",0,622170
2015-01-31 00:00:00,771941,6690,0,7354597,1114,"0,00",0,622170
2015-02-01 00:00:00,37415,7805,0,225556,18,"0,00",0,622170
2015-02-02 00:00:00,1008221,1115,1115,10291172,1114,"0,00",206,622170
2015-02-03 00:00:00,908273,2230,1115,8904680,1114,"0,00",206,622170
2015-02-04 00:00:00,846539,3345,1115,8136074,1113,"0,00",184,622170
2015-02-05 00:00:00,845035,4460,1115,7973916,1114,"0,00",184,622170
2015-02-06 00:00:00,883368,5575,1115,8439787,1115,"0,00",184,622170
2015-02-07 00:00:00,722983,6690,0,6594669,1115,"0,00",0,622170
2015-02-08 00:00:00,36064,7805,0,208209,17,"0,00",0,622170
2015-02-09 00:00:00,770619,1115,0,6477197,1115,"0,00",131,622170
2015-02-10 00:00:00,760174,2230,0,6345089,1115,"0,00",131,622170
2015-02-11 00:00:00,763412,3345,0,6393495,1115,"0,00",131,622170
2015-02-12 00:00:00,734474,4460,0,6151076,1114,"0,00",131,622170
2015-02-13 00:00:00,831087,5575,0,7212357,1115,"0,00",131,622170
2015-02-14 00:00:00,746789,6690,0,6701361,1115,"0,00",0,622170
2015-02-15 00:00:00,38100,7805,0,217257,18,"0,00",0,622170
2015-02-16 00:00:00,886399,1115,1115,9321996,1083,"0,00",255,622170
2015-02-17 00:00:00,838296,2230,1115,8299474,1111,"0,00",255,622170
2015-02-18 00:00:00,839000,3345,1115,8058390,1112,"0,00",255,622170
2015-02-19 00:00:00,851005,4460,1115,8031173,1113,"0,00",255,622170
2015-02-20 00:00:00,856296,5575,1115,8094451,1113,"0,00",255,622170
2015-02-21 00:00:00,700363,6690,0,6290922,1113,"0,00",0,622170
2015-02-22 00:00:00,35335,7805,0,199419,17,"0,00",0,622170
2015-02-23 00:00:00,719140,1115,0,5984980,1113,"0,00",0,622170
2015-02-24 00:00:00,728587,2230,0,6021986,1113,"0,00",0,622170
2015-02-25 00:00:00,720287,3345,0,6028364,1113,"0,00",0,622170
2015-02-26 00:00:00,754534,4460,0,6471718,1113,"0,00",0,622170
2015-02-27 00:00:00,835001,5575,0,7778945,1113,"0,00",0,622170
2015-02-28 00:00:00,784585,6690,0,7421745,1113,"0,00",0,622170
2015-03-01 00:00:00,38174,7805,0,228942,19,"0,00",0,622170
2015-03-02 00:00:00,1038703,1115,1115,10933146,1113,"0,00",28,622170
2015-03-03 00:00:00,924885,2230,1115,9234921,1113,"0,00",28,622170
2015-03-04 00:00:00,862366,3345,1115,8421680,1113,"0,00",28,622170
2015-03-05 00:00:00,872720,4460,1115,8263354,1113,"0,00",28,622170
2015-03-06 00:00:00,899465,5575,1115,8504508,1113,"0,00",28,622170
2015-03-07 00:00:00,731761,6690,0,6565020,1113,"0,00",0,622170
2015-03-08 00:00:00,37580,7805,0,201341,20,"0,00",0,622170
2015-03-09 00:00:00,795201,1115,0,6765029,1113,"0,00",28,622170
2015-03-10 00:00:00,735968,2230,0,6211021,1113,"0,00",28,622170
2015-03-11 00:00:00,736261,3345,0,6272025,1112,"0,00",28,622170
2015-03-12 00:00:00,748692,4460,0,6376255,1112,"0,00",28,622170
2015-03-13 00:00:00,784087,5575,0,6942094,1112,"0,00",28,622170
2015-03-14 00:00:00,712331,6690,0,6625997,1113,"0,00",0,622170
2015-03-15 00:00:00,40284,7805,0,244505,30,"0,00",0,622170
2015-03-16 00:00:00,1046420,1115,1115,10877344,1113,"0,00",0,622170
2015-03-17 00:00:00,907259,2230,1115,8792886,1113,"0,00",0,622170
2015-03-18 00:00:00,844906,3345,1115,7993269,1112,"0,00",0,622170
2015-03-19 00:00:00,857612,4460,1115,8073881,1113,"0,00",0,622170
2015-03-20 00:00:00,873548,5575,1115,8291098,1114,"0,00",0,622170
2015-03-21 00:00:00,696550,6690,0,6398094,1113,"0,00",0,622170
2015-03-22 00:00:00,40320,7805,0,235852,31,"0,00",0,622170
2015-03-23 00:00:00,798640,1115,0,6788834,1114,"0,00",0,622170
2015-03-24 00:00:00,741073,2230,0,6226359,1114,"0,00",0,622170
2015-03-25 00:00:00,718390,3345,0,6073784,1114,"0,00",22,622170
2015-03-26 00:00:00,736748,4460,0,6362734,1115,"0,00",62,622170
2015-03-27 00:00:00,786578,5575,0,7078009,1115,"0,00",62,622170
2015-03-28 00:00:00,733408,6690,0,6829093,1115,"0,00",22,622170
2015-03-29 00:00:00,37299,7805,0,226242,32,"0,00",22,622170
2015-03-30 00:00:00,1064757,1115,1115,12371453,1115,"0,00",841,622170
2015-03-31 00:00:00,967655,2230,1115,11222913,1115,"0,00",841,622170
2015-04-01 00:00:00,1032568,3345,1115,11102030,1115,"0,00",956,622170
2015-04-02 00:00:00,1119146,4460,1115,11400447,1115,"0,00",1087,622170
2015-04-03 00:00:00,39490,5575,1115,242473,17,,1031,622170
2015-04-04 00:00:00,985462,6690,0,9366558,1115,"0,00",134,622170
2015-04-05 00:00:00,36928,7805,0,217211,32,"0,00",134,622170
2015-04-06 00:00:00,46082,1115,0,272921,32,,1031,622170
2015-04-07 00:00:00,912879,2230,0,7896155,1115,"0,00",1031,622170
2015-04-08 00:00:00,791580,3345,0,6790649,1115,"0,00",1031,622170
2015-04-09 00:00:00,778310,4460,0,6560475,1112,"0,00",1031,622170
2015-04-10 00:00:00,779693,5575,0,6669239,1115,"0,00",1031,622170
2015-04-11 00:00:00,710360,6690,0,6445499,1115,"0,00",0,622170
2015-04-12 00:00:00,41948,7805,0,244956,32,"0,00",0,622170
2015-04-13 00:00:00,1043979,1115,1115,11075002,1115,"0,00",115,622170
2015-04-14 00:00:00,916519,2230,1115,9166055,1115,"0,00",115,622170
2015-04-15 00:00:00,836546,3345,1115,8002511,1113,"0,00",115,622170
2015-04-16 00:00:00,873849,4460,1115,8396675,1115,"0,00",115,622170
2015-04-17 00:00:00,898600,5575,1115,8738327,1115,"0,00",115,622170
2015-04-18 00:00:00,728846,6690,0,6569186,1115,"0,00",0,622170
2015-04-19 00:00:00,42188,7805,0,237342,32,"0,00",0,622170
2015-04-20 00:00:00,794027,1115,0,6588863,1115,"0,00",0,622170
2015-04-21 00:00:00,739265,2230,0,6039464,1115,"0,00",0,622170
2015-04-22 00:00:00,721392,3345,0,6082195,1115,"0,00",0,622170
2015-04-23 00:00:00,733577,4460,0,6153519,1115,"0,00",0,622170
2015-04-24 00:00:00,755706,5575,0,6367560,1115,"0,00",0,622170
2015-04-25 00:00:00,696241,6690,0,6305451,1115,"0,00",0,622170
2015-04-26 00:00:00,40302,7805,0,234093,32,"0,00",0,622170
2015-04-27 00:00:00,996696,1115,1115,10605500,1115,"0,00",0,622170
2015-04-28 00:00:00,909175,2230,1115,9302980,1114,"0,00",0,622170
2015-04-29 00:00:00,939254,3345,1115,9517703,1115,"0,00",0,622170
2015-04-30 00:00:00,1113383,4460,1115,11327847,1115,"0,00",0,622170
2015-05-01 00:00:00,42819,5575,1115,264231,20,,0,622170
2015-05-02 00:00:00,915373,6690,0,8764984,1115,"0,00",0,622170
2015-05-03 00:00:00,42447,7805,0,249207,33,"0,00",0,622170
2015-05-04 00:00:00,1065526,1115,1115,10995906,1114,"0,00",0,622170
2015-05-05 00:00:00,886062,2230,1115,8778928,1113,"0,00",0,622170
2015-05-06 00:00:00,879193,3345,1115,8633577,1113,"0,00",0,622170
2015-05-07 00:00:00,887351,4460,1115,8550616,1114,"0,00",0,622170
2015-05-08 00:00:00,913318,5575,1115,8665512,1114,"0,00",0,622170
2015-05-09 00:00:00,779642,6690,0,7157061,1114,"0,00",0,622170
2015-05-10 00:00:00,42202,7805,0,251720,32,"0,00",0,622170
2015-05-11 00:00:00,800067,1115,0,6732629,1114,"0,00",28,622170
2015-05-12 00:00:00,782603,2230,0,6686277,1114,"0,00",28,622170
2015-05-13 00:00:00,924442,3345,0,8147927,1114,"0,00",28,622170
2015-05-14 00:00:00,47393,4460,0,289247,32,,28,622170
2015-05-15 00:00:00,938343,5575,0,8596524,1115,"0,00",424,622170
2015-05-16 00:00:00,709961,6690,0,6497847,1115,"0,00",0,622170
2015-05-17 00:00:00,43701,7805,0,255680,32,"0,00",0,622170
2015-05-18 00:00:00,1025750,1115,1115,10603240,1115,"0,00",56,622170
2015-05-19 00:00:00,899009,2230,1115,8925994,1115,"0,00",56,622170
2015-05-20 00:00:00,850503,3345,1115,8355497,1115,"0,00",56,622170
2015-05-21 00:00:00,861101,4460,1115,8228411,1115,"0,00",56,622170
2015-05-22 00:00:00,882255,5575,1115,8352281,1115,"0,00",56,622170
2015-05-23 00:00:00,740456,6690,0,6773815,1115,"0,00",0,622170
2015-05-24 00:00:00,43987,7805,0,261385,32,"0,00",0,622170
2015-05-25 00:00:00,49127,1115,0,299473,33,,0,622170
2015-05-26 00:00:00,873761,2230,0,7776413,1115,"0,00",653,622170
2015-05-27 00:00:00,778621,3345,0,6876443,1115,"0,00",253,622170
2015-05-28 00:00:00,780710,4460,0,6974793,1115,"0,00",253,622170
2015-05-29 00:00:00,886423,5575,0,8372820,1115,"0,00",253,622170
2015-05-30 00:00:00,776523,6690,0,7546769,1115,"0,00",0,622170
2015-05-31 00:00:00,45179,7805,0,278690,32,"0,00",0,622170
2015-06-01 00:00:00,1075005,1115,1115,11743615,1115,"0,00",253,622170
2015-06-02 00:00:00,956819,2230,1115,9925193,1115,"0,00",253,622170
2015-06-03 00:00:00,971728,3345,1115,9731791,1114,"0,00",253,622170
2015-06-04 00:00:00,398780,4460,1115,3534231,432,"0,00",253,622170
2015-06-05 00:00:00,984452,5575,1115,9724893,1115,"0,00",253,622170
2015-06-06 00:00:00,714799,6690,0,6478518,1115,"0,00",0,622170
2015-06-07 00:00:00,45460,7805,0,262497,33,"0,00",0,622170
2015-06-08 00:00:00,830740,1115,0,7366781,1115,"0,00",0,622170
2015-06-09 00:00:00,781538,2230,0,6865990,1115,"0,00",0,622170
2015-06-10 00:00:00,752884,3345,0,6524741,1115,"0,00",0,622170
2015-06-11 00:00:00,766056,4460,0,6553081,1115,"0,00",0,622170
2015-06-12 00:00:00,765201,5575,0,6606431,1114,"0,00",0,622170
2015-06-13 00:00:00,705240,6690,0,6510261,1114,"0,00",0,622170
2015-06-14 00:00:00,45271,7805,0,269533,32,"0,00",0,622170
2015-06-15 00:00:00,1059425,1115,1115,11570100,1114,"0,00",0,622170
2015-06-16 00:00:00,938541,2230,1115,9636747,1114,"0,00",0,622170
2015-06-17 00:00:00,869642,3345,1115,8618478,1114,"0,00",0,622170
2015-06-18 00:00:00,840098,4460,1115,8191358,1114,"0,00",0,622170
2015-06-19 00:00:00,870773,5575,1115,8458252,1114,"0,00",0,622170
2015-06-20 00:00:00,699305,6690,0,6390661,1114,"0,00",0,622170
2015-06-21 00:00:00,42139,7805,0,249849,32,"0,00",0,622170
2015-06-22 00:00:00,753428,1115,0,6552538,1114,"0,00",0,622170
2015-06-23 00:00:00,732852,2230,0,6292372,1114,"0,00",0,622170
2015-06-24 00:00:00,731349,3345,0,6257424,1114,"0,00",0,622170
2015-06-25 00:00:00,732294,4460,0,6211764,1114,"0,00",0,622170
2015-06-26 00:00:00,760594,5575,0,6634687,1115,"0,00",0,622170
2015-06-27 00:00:00,698346,6690,0,6538314,1115,"0,00",0,622170
2015-06-28 00:00:00,44422,7805,0,262669,32,"0,00",0,622170
2015-06-29 00:00:00,1049017,1115,1115,11916672,1115,"0,00",286,622170
2015-06-30 00:00:00,1028931,2230,1115,11483932,1115,"0,00",286,622170
2015-07-01 00:00:00,894404,3345,1115,8989672,1115,"0,00",286,622170
2015-07-02 00:00:00,864389,4460,1115,8446293,1114,"0,00",286,622170
2015-07-03 00:00:00,874644,5575,1115,8530388,1114,"0,00",286,622170
2015-07-04 00:00:00,667899,6690,0,6054276,1114,"0,00",0,622170
2015-07-05 00:00:00,47757,7805,0,269248,33,"0,00",0,622170
2015-07-06 00:00:00,847590,1115,0,7540473,1114,"0,00",286,622170
2015-07-07 00:00:00,743604,2230,0,6393024,1114,"0,00",286,622170
2015-07-08 00:00:00,771409,3345,0,6915625,1114,"0,00",286,622170
2015-07-09 00:00:00,783525,4460,0,6938182,1114,"0,00",286,622170
2015-07-10 00:00:00,798748,5575,0,7064909,1114,"0,00",286,622170
2015-07-11 00:00:00,689285,6690,0,6262022,1113,"0,00",0,622170
2015-07-12 00:00:00,45392,7805,0,277047,32,"0,00",0,622170
2015-07-13 00:00:00,1004988,1115,1115,10841267,1113,"0,00",453,622170
2015-07-14 00:00:00,912004,2230,1115,9340405,1113,"0,00",453,622170
2015-07-15 00:00:00,880247,3345,1115,8756137,1113,"0,00",453,622170
2015-07-16 00:00:00,868234,4460,1115,8373873,1112,"0,00",573,622170
2015-07-17 00:00:00,833653,5575,1115,7949337,1112,"0,00",573,622170
2015-07-18 00:00:00,699331,6690,0,6448982,1113,"0,00",0,622170
2015-07-19 00:00:00,48005,7805,0,298418,32,"0,00",0,622170
2015-07-20 00:00:00,822322,1115,0,7339321,1113,"0,00",688,622170
2015-07-21 00:00:00,738827,2230,0,6356482,1113,"0,00",688,622170
2015-07-22 00:00:00,710055,3345,0,6110388,1113,"0,00",688,622170
2015-07-23 00:00:00,760655,4460,0,6687068,1113,"0,00",710,622170
2015-07-24 00:00:00,754252,5575,0,6601325,1113,"0,00",710,622170
2015-07-25 00:00:00,643434,6690,0,6021666,1113,"0,00",22,622170
2015-07-26 00:00:00,46990,7805,0,285865,32,"0,00",22,622170
2015-07-27 00:00:00,970462,1115,1115,10707292,1113,"0,00",862,622170
2015-07-28 00:00:00,876092,2230,1115,9115073,1113,"0,00",862,622170
2015-07-29 00:00:00,828524,3345,1115,8499962,1113,"0,00",862,622170
2015-07-30 00:00:00,858547,4460,1115,8798854,1113,"0,00",935,622170
2015-07-31 00:00:00,968620,5575,1115,10109742,1113,"0,00",935,622170
